No.,residue,weight
1,C,0.0
2,C,0.0
3,C,0.0
4,E,0.0
5,E,0.0
6,C,0.0
7,C,0.0
8,S,0.0
9,C,0.0
10,C,0.0
11,C,0.0
12,C,0.0
13,T,0.0
14,T,0.054307939838115986
15,C,0.046826140466698786
16,C,0.14878620051414415
17,E,0.0011876825844484187
18,E,0.0
19,E,0.0
20,E,0.0
21,C,0.0
22,C,0.0
23,T,0.0
24,T,0.0
25,S,0.0
26,C,0.0
27,E,0.0
28,E,0.0
29,E,0.0
30,E,0.0
31,E,0.0
32,E,0.0
33,E,0.0
34,E,0.0
35,C,0.0
36,T,0.0
37,T,0.0
38,C,0.0
39,C,0.0
40,H,0.0
41,H,0.0
42,H,0.0
43,H,0.0
44,H,0.0
45,H,0.0
46,H,0.0
47,H,0.0
48,C,0.0
49,C,0.0
50,C,0.0
51,T,0.0
52,T,0.0
53,C,0.0
54,C,0.0
55,E,0.0
56,E,0.0
57,E,0.0
58,E,0.0
59,E,0.0
60,E,0.0
61,T,0.0
62,T,0.0
63,E,0.0
64,E,0.0
65,E,0.0
66,E,0.0
67,E,0.0
68,E,0.0
69,E,0.0
70,C,0.0
71,T,0.0
72,T,0.0
73,C,0.0
74,C,0.0
75,C,0.0
76,E,0.0
77,C,0.0
78,C,0.0
79,C,0.0
80,C,0.0
81,T,0.0
82,T,0.0
83,C,0.0
84,C,0.0
85,E,0.0
86,E,0.0
87,E,0.0
88,E,0.0
89,E,0.0
90,E,0.0
91,E,0.0
92,E,0.0
93,E,0.0
94,E,0.0
95,H,0.33575886653186415
96,H,0.5837062097141817
97,H,0.8425646599970716
98,T,1.0
99,T,0.9672353679729786
100,C,0.8169807938411955
101,E,0.6035129121195887
102,E,0.4613928168831234
103,E,0.39221698777771036
104,E,0.34760415256711646
105,E,0.3235956329382088
106,E,0.29093634237830823
107,E,0.269907268392685
108,T,0.29303316698241016
109,C,0.22227036597375965
110,E,0.053900851790022714
111,E,0.0
112,E,0.0
113,E,0.0
114,C,0.0
115,C,0.0443327997761013
116,C,0.16500383810284922
117,C,0.0950210069252669
118,T,0.0
119,C,0.03220814817004477
120,C,0.2840340237164591
121,T,0.5339330471675656
122,T,0.639321620831568
123,C,0.6204121035984386
124,C,0.5435852643126533
125,C,0.4624585484027943
126,C,0.48553837765756536
127,C,0.5195129563738092
128,H,0.590708835061236
129,H,0.6003440247035357
130,H,0.6396963123269267
131,C,0.7135711271636381
132,H,0.8003070655147432
133,H,0.7395838789481117
134,C,0.6720106230873231
135,C,0.4756119917873847
136,C,0.24277705432499436
137,C,0.17489795166920524
138,H,0.10248240246482178
139,H,0.0
140,H,0.0
141,H,0.0
142,H,0.0
143,H,0.0
144,H,0.0
145,H,0.0
146,H,0.0
147,H,0.0
148,H,0.0
149,H,0.0
150,H,0.296475315566301
151,H,0.5097293595117791
152,H,0.503024542595465
153,H,0.4167088896875393
154,H,0.2666039112433206
155,H,0.15195073381622293
156,H,0.13588939055196594
157,H,0.16280012702344213
158,H,0.2027338563283276
159,H,0.15730621837487094
160,H,0.0
161,H,0.0
162,T,0.0
163,T,0.0
164,C,0.0
165,C,0.0
166,E,0.0
167,E,0.0007893950224957514
168,E,0.04335240564905124
169,E,0.04331933923262836
170,C,0.0
171,T,0.0
172,T,0.0
173,T,0.0
174,C,0.0
175,C,0.0
176,T,0.0
177,T,0.0
178,C,0.0
179,C,0.0
180,E,0.0
181,E,0.0
182,E,0.0
183,C,0.0
184,C,0.0
185,H,0.0
186,H,0.0
187,H,0.0
188,H,0.0
189,E,0.0
190,H,0.0
191,E,0.0
192,T,0.0
193,C,0.0
194,C,0.0
195,C,0.0
196,C,0.0
197,C,0.0
198,C,0.0
199,T,0.0
200,C,0.0
201,T,0.0
202,T,0.0
203,C,0.0
204,C,0.0
205,H,0.0
206,H,0.0
207,H,0.0
208,H,0.0
209,H,0.0
210,H,0.0
211,H,0.0
212,H,0.0
213,H,0.0
214,H,0.0
215,H,0.0
216,C,0.0
217,T,0.0
218,T,0.0
219,C,0.0
220,E,0.0
221,E,0.12606797880430282
222,E,0.18037660471248673
223,E,0.09090864891692117
224,H,0.0
225,H,0.0
226,H,0.0
227,H,0.0
228,H,0.0
229,H,0.0
230,H,0.022538834645056086
231,H,0.035268366409041414
232,H,0.0
233,H,0.0
234,H,0.0
235,H,0.0
236,H,0.0
237,E,0.0
238,C,0.0
239,C,0.0
240,C,0.0
241,C,0.0
